Naslov,Cijena,URL_Proizvoda,URL_Slike,Stanje_Medija,Stanje_Omota,Tip_Artikla
Dandelion (white puffball vinyl),52.62,https://menartshop.hr/proizvod/dandelion-white-puffball-vinyl/,https://menartshop.hr/app/uploads/2026/07/d60c5720-24fb-46f3-b66d-5ab1382d0a51.png,Novo,Novo,LP
Count Your Blessings -Repented (20th anniv.black vinyl) (re-recorded &remastered),30.78,https://menartshop.hr/proizvod/count-your-blessings-repented-20th-anniv-black-vinyl-re-recorded-remastered/,https://menartshop.hr/app/uploads/2026/07/4422a3c3-7d45-474f-a637-ca796fd383fe.png,Novo,Novo,LP
Dead Club City (ltd.white blue marble vinyl),74.81,https://menartshop.hr/proizvod/dead-club-city-ltd-white-blue-marble-vinyl/,https://menartshop.hr/app/uploads/2026/07/e56368d7-d4b4-46b7-9cd5-cc1926de9911.png,Novo,Novo,LP
Songs To Learn & Sing – Limited Yellow & Black Marbled Vinyl edition,29.95,https://menartshop.hr/proizvod/songs-to-learn-sing-limited-yellow-black-marbled-vinyl-edition/,https://menartshop.hr/app/uploads/2026/07/54a649d2-dc7d-409e-bfa7-1fb56aa89920.png,Novo,Novo,LP
Kingfish – In To The Deep Blue/Green Vinyl edition,33.25,https://menartshop.hr/proizvod/kingfish-in-to-the-deep-blue-green-vinyl-edition/,https://menartshop.hr/app/uploads/2026/07/5e4cca40-78b8-4c6d-b368-c9aaac41d611.png,Novo,Novo,LP
Foreign Tongues – Limited Yellow 2LP+BRD,99.30,https://menartshop.hr/proizvod/foreign-tongues-limited-yellow-2lpbrd/,https://menartshop.hr/app/uploads/2026/07/79c7c058-8587-492d-b37e-3d66cb40d1f2.png,Novo,Novo,LP
The Nothing (White vinyl),29.90,https://menartshop.hr/proizvod/the-nothing-white-vinyl/,https://menartshop.hr/app/uploads/2026/07/8839f21d-b706-4fca-947a-2d9617548089.png,Novo,Novo,LP
Daughter from Hell (Black 2LP),40.00,https://menartshop.hr/proizvod/daughter-from-hell-black-2lp/,https://menartshop.hr/app/uploads/2026/07/bcf1c8d3-913d-4f57-956e-dc36f8208d12.png,Novo,Novo,LP
Metal Forth (Deluxe Zoetrope vinyl),40.75,https://menartshop.hr/proizvod/metal-forth-deluxe-zoetrope-vinyl/,https://menartshop.hr/app/uploads/2026/07/2ef5590a-5a2d-43e5-84c9-bb1b98d51ca2.png,Novo,Novo,LP
Splat! (Black vinyl),52.50,https://menartshop.hr/proizvod/splat-black-vinyl/,https://menartshop.hr/app/uploads/2026/07/04903a12-c27c-438d-92fd-697ebe262737.png,Novo,Novo,LP
Splat! – Yellow vinyl,55.55,https://menartshop.hr/proizvod/splat-yellow-vinyl/,https://menartshop.hr/app/uploads/2026/07/edb1d94f-d898-4cc5-9473-5a7079e9bebc.png,Novo,Novo,LP
Io CEro – Concerto Live Roma 1976 (50th anniv.180g black vinyl),50.63,https://menartshop.hr/proizvod/io-cero-concerto-live-roma-1976-50th-anniv-180g-black-vinyl/,https://menartshop.hr/app/uploads/2026/07/434b0ab1-05a7-4459-bac2-b00dc2be13a3.png,Novo,Novo,LP
Stati Di Immaginazione (20th anniv.180g black vinyl),30.78,https://menartshop.hr/proizvod/stati-di-immaginazione-20th-anniv-180g-black-vinyl/,https://menartshop.hr/app/uploads/2026/07/0e2bed7a-e8d2-4c69-943b-ec8170adb522.png,Novo,Novo,LP
Run With The Pack – Limited 50th Anniversary 140g Black Vinyl edition,33.25,https://menartshop.hr/proizvod/run-with-the-pack-limited-50th-anniversary-140g-black-vinyl-edition/,https://menartshop.hr/app/uploads/2026/07/05578830-6f64-45de-a521-31643ee2b1fc.png,Novo,Novo,LP
Thin Lizzy – Coloured Vinyl,38.00,https://menartshop.hr/proizvod/thin-lizzy-coloured-vinyl/,https://menartshop.hr/app/uploads/2026/07/22b0e721-a603-4aa4-8204-46a6bd9f180b.png,Novo,Novo,LP
Vinyl: The Essentials: Best Of Season 1 (Music From The HBO Original Series),13.25,https://menartshop.hr/proizvod/vinyl-the-essentials-best-of-season-1-music-from-the-hbo-original-series/,https://menartshop.hr/app/uploads/2026/07/3bb514d2-6c43-4fed-a8a0-07145843c20d.png,Novo,Novo,LP
Danger Days: The True Lives Of The Fabulous Killjoys – Limited 2026 Sea Blue Vinyl Deluxe edition,56.55,https://menartshop.hr/proizvod/danger-days-the-true-lives-of-the-fabulous-killjoys-limited-2026-sea-blue-vinyl-deluxe-edition/,https://menartshop.hr/app/uploads/2026/07/e2988ddc-4198-40b8-9926-cb8c0ebd4a8e.png,Novo,Novo,LP
No Reason (Ltd. Edt. Red  Vinyl),27.00,https://menartshop.hr/proizvod/no-reason-ltd-edt-red-vinyl/,https://menartshop.hr/app/uploads/2026/07/14612397-5e89-4338-b135-12219908459e.png,Novo,Novo,LP
Live In Nyc 1979 (Green Vinyl),19.95,https://menartshop.hr/proizvod/live-in-nyc-1979-green-vinyl-2/,https://menartshop.hr/app/uploads/2026/07/6bcb32f8-b935-4dc0-b85d-a1179a8c5fb3.png,Novo,Novo,LP
Placebo RE:CREATED – 30th Anniversary black Vinyl With Bonus White,45.50,https://menartshop.hr/proizvod/placebo-recreated-30th-anniversary-black-vinyl-with-bonus-white/,https://menartshop.hr/app/uploads/2026/07/c6642a95-cd68-40f4-9494-c0032e59c5f5.png,Novo,Novo,LP
Hex Enduction Hour Green – Transparent Green Vinyl edition,44.90,https://menartshop.hr/proizvod/hex-enduction-hour-green-transparent-green-vinyl-edition/,https://menartshop.hr/app/uploads/2026/07/e70b84c3-6237-47a7-af57-523f62db7d65.png,Novo,Novo,LP
Ear Bleeding Country (White / Black Splatter Vinyl),43.20,https://menartshop.hr/proizvod/ear-bleeding-country-white-black-splatter-vinyl/,https://menartshop.hr/app/uploads/2026/07/f7985efa-bdf0-46e6-a592-15850cdff044.png,Novo,Novo,LP
Armour Of Angels – Orange Vinyl edition,29.60,https://menartshop.hr/proizvod/armour-of-angels-orange-vinyl-edition/,https://menartshop.hr/app/uploads/2026/07/45a03884-b85f-452a-a36a-ff319f4c36a1.png,Novo,Novo,LP
Confessions II – 12 Tracks Translucent Red Vinyl edition,32.40,https://menartshop.hr/proizvod/confessions-ii-12-tracks-translucent-red-vinyl-edition/,https://menartshop.hr/app/uploads/2026/07/0ea9fcb1-711d-4ba7-9448-d35aab68ed59.png,Novo,Novo,LP
Confessions II – Limited iMusic Exclusive 12 Tracks Baby Pink Vinyl edition,32.40,https://menartshop.hr/proizvod/confessions-ii-limited-imusic-exclusive-12-tracks-baby-pink-vinyl-edition/,https://menartshop.hr/app/uploads/2026/07/32a957b8-7a88-4f03-9f39-256e7b2d96f3.png,Novo,Novo,LP
Confessions II – Amazon Exclusive Yellow Vinyl,32.40,https://menartshop.hr/proizvod/confessions-ii-amazon-exclusive-yellow-vinyl/,https://menartshop.hr/app/uploads/2026/07/1fddde0b-4967-48cf-85a5-7df5e3efcd9b.png,Novo,Novo,LP
Confessions II – Limited iMusic Exclusive 12 Tracks Neon Pink Vinyl edition,32.40,https://menartshop.hr/proizvod/confessions-ii-limited-imusic-exclusive-12-tracks-neon-pink-vinyl-edition/,https://menartshop.hr/app/uploads/2026/07/b146a853-5cb8-4c7b-9014-bfdd71799878.png,Novo,Novo,LP
Confessions II – Indie Exclusive 12 Tracks White Vinyl edition,32.40,https://menartshop.hr/proizvod/confessions-ii-indie-exclusive-12-tracks-white-vinyl-edition/,https://menartshop.hr/app/uploads/2026/07/4a0d7679-cb98-42fe-ae33-dc20cf622f59.png,Novo,Novo,LP
Garage Inc. (Clear Blue Vinyl),65.70,https://menartshop.hr/proizvod/garage-inc-clear-blue-vinyl-2/,https://menartshop.hr/app/uploads/2026/07/026463f3-ad26-429b-9d3c-e0ed1ba7df83.png,Novo,Novo,LP
Urban Hang Suite (30th anniv.black vinyl),50.63,https://menartshop.hr/proizvod/urban-hang-suite-30th-anniv-black-vinyl/,https://menartshop.hr/app/uploads/2026/07/7eadd9f4-a597-4f77-b017-991b0ca0cb91.png,Novo,Novo,LP
Virtual Insanity (Limited 30th Anniversary Transparent Yellow Vinyl edition),26.81,https://menartshop.hr/proizvod/virtual-insanity-limited-30th-anniversary-transparent-yellow-vinyl-edition/,https://menartshop.hr/app/uploads/2026/07/19aa0d21-b812-4f5b-aa1e-210aca2d7741.png,Novo,Novo,LP
All Gates Open (ltd.orange transparent vinyl),67.33,https://menartshop.hr/proizvod/all-gates-open-ltd-orange-transparent-vinyl/,https://menartshop.hr/app/uploads/2026/07/0974c976-9294-462c-87d0-4c581c4f62e3.png,Novo,Novo,LP
Planet Her (5th anniv.ltd.blue translucent vinyl),40.71,https://menartshop.hr/proizvod/planet-her-5th-anniv-ltd-blue-translucent-vinyl/,https://menartshop.hr/app/uploads/2026/07/3002fcea-e680-420d-88bd-5380e3b692c1.png,Novo,Novo,LP
Should I Stay Or Should I Go (ltd.yellow sunshine vinyl) (RSD2026),22.83,https://menartshop.hr/proizvod/should-i-stay-or-should-i-go-ltd-yellow-sunshine-vinyl-rsd2026/,https://menartshop.hr/app/uploads/2026/07/1b5747dd-8e9b-45f8-9fb4-c4e2229627ac.png,Novo,Novo,LP
Songs In A Minor (25th Anniversary orange vinyl),50.63,https://menartshop.hr/proizvod/songs-in-a-minor-25th-anniversary-orange-vinyl/,https://menartshop.hr/app/uploads/2026/07/ea0cba00-9fc4-46b5-9030-d6cab79f48d5.png,Novo,Novo,LP
The Best of Judas Priest (Indie Exclusive Blue Vinyl edition),30.78,https://menartshop.hr/proizvod/the-best-of-judas-priest-indie-exclusive-blue-vinyl-edition/,https://menartshop.hr/app/uploads/2026/07/fa131b4f-3f90-4481-a326-733bda9f1246.png,Novo,Novo,LP
ReLoad (Remastered 2025) (Ltd. Translucent Yellow Vinyl),38.00,https://menartshop.hr/proizvod/reload-remastered-2025-ltd-translucent-yellow-vinyl/,https://menartshop.hr/app/uploads/2026/07/02b1feab-5eb8-41f4-9f62-b1a0366c839f.png,Novo,Novo,LP
Just Dennis (Green Vinyl),47.80,https://menartshop.hr/proizvod/just-dennis-green-vinyl/,https://menartshop.hr/app/uploads/2026/06/a0b5d96d-cb57-4355-8a2b-8b8a8d28ce97.png,Novo,Novo,LP
The Wow! Signal (Amazon – Milky Clear / White Vinyl edition),24.95,https://menartshop.hr/proizvod/the-wow-signal-amazon-milky-clear-white-vinyl-edition/,https://menartshop.hr/app/uploads/2026/06/7ca4194b-ea38-4fff-b148-a86b963a1d1a.png,Novo,Novo,LP
The Wow! Signal (Red Vinyl edition),24.95,https://menartshop.hr/proizvod/the-wow-signal-red-vinyl-edition/,https://menartshop.hr/app/uploads/2026/06/ed34e0d9-323c-4098-b3b6-f8ef2e3ccb98.png,Novo,Novo,LP
Deluxe Norte Dame – Yellow Vinyl edition,24.95,https://menartshop.hr/proizvod/deluxe-norte-dame-yellow-vinyl-edition/,https://menartshop.hr/app/uploads/2026/06/572b9d5b-5561-447a-9a4c-863c3a6b8009.png,Novo,Novo,LP
Beautiful Future (Limited Red Vinyl Reissue edition),24.95,https://menartshop.hr/proizvod/beautiful-future-limited-red-vinyl-reissue-edition/,https://menartshop.hr/app/uploads/2026/06/44cef854-9c55-4221-bc5e-f2810df8976c.png,Novo,Novo,LP
KPop Demon Hunters (Ltd. International Retail Exkl. Light Blue Smoke Vinyl),36.60,https://menartshop.hr/proizvod/kpop-demon-hunters-ltd-international-retail-exkl-light-blue-smoke-vinyl/,https://menartshop.hr/app/uploads/2026/06/e22478b3-71ba-4c57-ae11-bcc7060f69d6.png,Novo,Novo,LP
KPop Demon Hunters (Honmoon Haze Colored Vinyl Anniversary edition),38.00,https://menartshop.hr/proizvod/kpop-demon-hunters-honmoon-haze-colored-vinyl-anniversary-edition/,https://menartshop.hr/app/uploads/2026/06/ac9159ba-a5c8-4fd7-ae06-da9946df987d.png,Novo,Novo,LP
Plum (Violet Vinyl),31.60,https://menartshop.hr/proizvod/plum-violet-vinyl/,https://menartshop.hr/app/uploads/2026/06/23b64404-bb90-4c99-953c-3f67e77199a9.png,Novo,Novo,LP
Bitch – Limited Translucent Red Vinyl,24.95,https://menartshop.hr/proizvod/bitch-limited-translucent-red-vinyl/,https://menartshop.hr/app/uploads/2026/06/8d38dcf9-fd32-4558-a763-ec89a487dfda.png,Novo,Novo,LP
Bitch – Limited Exclusive Black & Red Vinyl edition,29.95,https://menartshop.hr/proizvod/bitch-limited-exclusive-black-red-vinyl-edition/,https://menartshop.hr/app/uploads/2026/06/f6ced07f-1629-4b19-96f0-2f7d30d3efeb.png,Novo,Novo,LP
Kehlani (Indie Exclusive Vinyl),58.20,https://menartshop.hr/proizvod/kehlani-indie-exclusive-vinyl/,https://menartshop.hr/app/uploads/2026/06/868a8fb1-480c-4f02-bc59-147c31e71a81.png,Novo,Novo,LP
The Original High – Limited Clear Smoke Vinyl edition,31.60,https://menartshop.hr/proizvod/the-original-high-limited-clear-smoke-vinyl-edition/,https://menartshop.hr/app/uploads/2026/06/4016983c-44bd-479c-a8ab-0359d0d75958.png,Novo,Novo,LP
Idols II (Clear vinyl),24.50,https://menartshop.hr/proizvod/idols-ii-clear-vinyl/,https://menartshop.hr/app/uploads/2026/06/35369552-04e7-4369-9b9d-0afdfea2f28d.png,Novo,Novo,LP
New World Order  (30th anniv.green vinyl) (RSD 2026),44.68,https://menartshop.hr/proizvod/new-world-order-30th-anniv-green-vinyl-rsd-2026/,https://menartshop.hr/app/uploads/2026/06/73cfa863-9448-48c2-aeae-9eee4e6f3588.png,Novo,Novo,LP
Live In Central Park 1995  (red opaque vinyl) (RSD 2026),38.72,https://menartshop.hr/proizvod/live-in-central-park-1995-red-opaque-vinyl-rsd-2026/,https://menartshop.hr/app/uploads/2026/06/0ea71a52-7bf5-495b-89a0-0a61f9e7efd1.png,Novo,Novo,LP
Tell Me Its Real (10th anniv.ltd.blue ocean vinyl),36.73,https://menartshop.hr/proizvod/tell-me-its-real-10th-anniv-ltd-blue-ocean-vinyl/,https://menartshop.hr/app/uploads/2026/06/8db58da8-2947-4118-ab86-2fcec54615c5.png,Novo,Novo,LP
Ei8ht – Green Vinyl edition,44.90,https://menartshop.hr/proizvod/ei8ht-green-vinyl-edition/,https://menartshop.hr/app/uploads/2026/05/3bcf41e2-d7e2-46df-8eca-fa2882379bda.png,Novo,Novo,LP
Ei8ht – iMusic Exclusive Magenta Vinyl edition,44.90,https://menartshop.hr/proizvod/ei8ht-imusic-exclusive-magenta-vinyl-edition/,https://menartshop.hr/app/uploads/2026/05/0536eaf9-c7c2-4186-8b64-1473a72dd86a.png,Novo,Novo,LP
Echo (White vinyl),33.25,https://menartshop.hr/proizvod/echo-white-vinyl/,https://menartshop.hr/app/uploads/2026/05/31052cc2-6458-4439-a525-2f404cfebb85.png,Novo,Novo,LP
From A Hole In The Floor – Limited Blue & Apricot Vinyl edition,39.25,https://menartshop.hr/proizvod/from-a-hole-in-the-floor-limited-blue-apricot-vinyl-edition/,https://menartshop.hr/app/uploads/2026/05/186a6151-2463-4e0c-9be8-193d4fecdde1.png,Novo,Novo,LP
Train On The Island – Limited Blue Vinyl edition,32.60,https://menartshop.hr/proizvod/train-on-the-island-limited-blue-vinyl-edition/,https://menartshop.hr/app/uploads/2026/05/7acb7e4b-c97c-40d2-b437-3ba68e068dba.png,Novo,Novo,LP
The Complete Peel Sessions – RSD 2026 Silver Vinyl edition,39.25,https://menartshop.hr/proizvod/the-complete-peel-sessions-rsd-2026-silver-vinyl-edition/,https://menartshop.hr/app/uploads/2026/05/4406ae7e-ffa4-4cf6-81cd-ab8b3c5ae00e.png,Novo,Novo,LP
White Pepper – Limited Vinyl,24.85,https://menartshop.hr/proizvod/white-pepper-limited-vinyl/,https://menartshop.hr/app/uploads/2026/05/5d6641f7-fb61-4580-bdea-59694cf0d86c.png,Novo,Novo,LP
Unplugged – 2026 Vinyl Reissue edition,33.25,https://menartshop.hr/proizvod/unplugged-2026-vinyl-reissue-edition/,https://menartshop.hr/app/uploads/2026/05/853ae398-ce7b-4c72-9f67-cc2ca4859fa9.png,Novo,Novo,LP
Florescence – Limited Eco Yellow Vinyl,24.95,https://menartshop.hr/proizvod/florescence-limited-eco-yellow-vinyl/,https://menartshop.hr/app/uploads/2026/05/f665c5f8-a7e5-4057-991f-f7e18123858b.png,Novo,Novo,LP
We Will Always Be The Way We Were (Exclusive Blue Vinyl),45.50,https://menartshop.hr/proizvod/we-will-always-be-the-way-we-were-exclusive-blue-vinyl/,https://menartshop.hr/app/uploads/2026/05/29cb60a1-8f53-444b-8e60-d5f6915d5e69.png,Novo,Novo,LP
Into Oblivion (Black & Clear Smoke Vinyl),39.30,https://menartshop.hr/proizvod/into-oblivion-black-clear-smoke-vinyl/,https://menartshop.hr/app/uploads/2026/05/46848bae-c1f9-43a2-8f8a-c30244645328.png,Novo,Novo,LP
"When We All Fall Asleep, Where Do We Go? (Ltd. Opaque Baby Blue vinyl)",27.20,https://menartshop.hr/proizvod/when-we-all-fall-asleep-where-do-we-go-ltd-opaque-baby-blue-vinyl/,https://menartshop.hr/app/uploads/2026/05/e961b38f-f3e7-465e-8374-8cc054bb4123.png,Novo,Novo,LP
Dont Smile at Me (Ltd. crystal clear vinyl),27.20,https://menartshop.hr/proizvod/dont-smile-at-me-ltd-crystal-clear-vinyl/,https://menartshop.hr/app/uploads/2026/05/fdbba486-38a6-47e3-9e62-22a098edccd0.png,Novo,Novo,LP
Atlanta (Transparent Green Vinyl edition),39.90,https://menartshop.hr/proizvod/atlanta-transparent-green-vinyl-edition/,https://menartshop.hr/app/uploads/2026/05/e5a7f456-b163-4ee2-82f6-78665d25ee08.png,Novo,Novo,LP
Fenian (Coloured Vinyl),38.25,https://menartshop.hr/proizvod/fenian-coloured-vinyl/,https://menartshop.hr/app/uploads/2026/05/b6eaac50-7f69-4e3d-87d0-1ec9e195324f.png,Novo,Novo,LP
Peaches! (White Vinyl),31.60,https://menartshop.hr/proizvod/peaches-white-vinyl/,https://menartshop.hr/app/uploads/2026/05/9be35060-bcd0-45f7-b8dd-b58bebb4cf30.png,Novo,Novo,LP
Trans-Europa Express (German) – Clear Vinyl,39.90,https://menartshop.hr/proizvod/trans-europa-express-german-clear-vinyl/,https://menartshop.hr/app/uploads/2026/05/111cd00e-0429-483f-bfea-efdea276be0a.png,Novo,Novo,LP
Almost Here (Baby Blue Vinyl),33.25,https://menartshop.hr/proizvod/almost-here-baby-blue-vinyl/,https://menartshop.hr/app/uploads/2026/05/feb70c17-a891-4e84-90a1-0b88c396cae7.png,Novo,Novo,LP
Baladas En Espanol (30th Anniversary Black Vinyl edition),38.25,https://menartshop.hr/proizvod/baladas-en-espanol-30th-anniversary-black-vinyl-edition/,https://menartshop.hr/app/uploads/2026/04/a67fd0ea-6619-40ad-95db-fd1bfc85ecfe.png,Novo,Novo,LP
Emotional (Live) – RSD 2026 Gold Vinyl edition,31.60,https://menartshop.hr/proizvod/emotional-live-rsd-2026-gold-vinyl-edition/,https://menartshop.hr/app/uploads/2026/04/53af5b98-4803-494b-8883-2169a21af921.png,Novo,Novo,LP
Nude (Vinyl),26.40,https://menartshop.hr/proizvod/nude-vinyl/,https://menartshop.hr/app/uploads/2026/04/f8f7265f-55a1-43af-83f9-49e68958b362.png,Novo,Novo,LP
Natural Essence (Tone Poet Vinyl),38.00,https://menartshop.hr/proizvod/natural-essence-tone-poet-vinyl/,https://menartshop.hr/app/uploads/2026/04/0274a2dd-3cdd-4c98-bcc9-4f7d39bacfdc.png,Novo,Novo,LP
The Great Divide (American Rust Coloured Vinyl edition),46.80,https://menartshop.hr/proizvod/the-great-divide-american-rust-coloured-vinyl-edition/,https://menartshop.hr/app/uploads/2026/04/13170e38-2cab-4000-95ab-1019f920668d.png,Novo,Novo,LP
Storyboard (Red Vinyl),47.25,https://menartshop.hr/proizvod/storyboard-red-vinyl/,https://menartshop.hr/app/uploads/2026/04/155f835a-7b45-4630-9ac8-27160b290f9a.png,Novo,Novo,LP
Music Magic (Clear Red Vinyl),36.55,https://menartshop.hr/proizvod/music-magic-clear-red-vinyl/,https://menartshop.hr/app/uploads/2026/04/169d3710-1494-46b6-8302-8241db08433e.png,Novo,Novo,LP
Sweet Tea (25th anniv.cristal clear vinyl) (RSD 2026),50.63,https://menartshop.hr/proizvod/sweet-tea-25th-anniv-cristal-clear-vinyl-rsd-2026/,https://menartshop.hr/app/uploads/2026/04/cb6a3b6b-a27d-48e9-944a-7cfbd32a2641.png,Novo,Novo,LP
A Matter Of Time: The Final Hour (Dreamy Watercolor Vinyl),50.80,https://menartshop.hr/proizvod/a-matter-of-time-the-final-hour-dreamy-watercolor-vinyl/,https://menartshop.hr/app/uploads/2026/04/a914d008-b426-423d-86d4-5d34adcfdeff.png,Novo,Novo,LP
Live In Los Angeles 1990 (ltd.purple vinyl) (RSD 2026),24.82,https://menartshop.hr/proizvod/live-in-los-angeles-1990-ltd-purple-vinyl-rsd-2026/,https://menartshop.hr/app/uploads/2026/04/3629501b-2e81-4f65-a1f5-6907cf5d3a68.png,Novo,Novo,LP
For The Roses – RSD 2026 Rose Colored Vinyl edition,31.60,https://menartshop.hr/proizvod/for-the-roses-rsd-2026-rose-colored-vinyl-edition/,https://menartshop.hr/app/uploads/2026/04/c24d279f-137d-44e1-901d-4e67d978ba5b.png,Novo,Novo,LP
Just Tell Me That You Want Me: A Tribute To Fleetwood Mac (RSD 2026 – translucent sea blue vinyl),41.45,https://menartshop.hr/proizvod/just-tell-me-that-you-want-me-a-tribute-to-fleetwood-mac-rsd-2026-translucent-sea-blue-vinyl/,https://menartshop.hr/app/uploads/2026/04/df5e4cd2-fd74-4ea8-95a3-fd23b48d91c6.png,Novo,Novo,LP
Greatest Hits (25th Anniversary Edition) (RSD 2026 – silver vinyl),46.60,https://menartshop.hr/proizvod/greatest-hits-25th-anniversary-edition-rsd-2026-silver-vinyl/,https://menartshop.hr/app/uploads/2026/04/2c1e3181-aec9-4eea-8413-f2cf0835d881.png,Novo,Novo,LP
The Song Society Playlist (RSD 2026 – red vinyl),34.20,https://menartshop.hr/proizvod/the-song-society-playlist-rsd-2026-red-vinyl/,https://menartshop.hr/app/uploads/2026/04/29902adb-4251-4b12-96e4-02a997be723c.png,Novo,Novo,LP
On Tour 2006 – RSD 2026 Red Vinyl edition,24.95,https://menartshop.hr/proizvod/on-tour-2006-rsd-2026-red-vinyl-edition/,https://menartshop.hr/app/uploads/2026/04/c11dfa42-3ef5-4732-a85a-c4e45e743732.png,Novo,Novo,LP
Live At The Budokan – RSD 2026 Colored Vinyl edition,44.90,https://menartshop.hr/proizvod/live-at-the-budokan-rsd-2026-colored-vinyl-edition/,https://menartshop.hr/app/uploads/2026/04/d23cb407-84b0-4046-b92c-dd892636bcb0.png,Novo,Novo,LP
Rarities – RSD 2026 White w Orange & Purple Splatter vinyl edition,29.95,https://menartshop.hr/proizvod/rarities-rsd-2026-white-w-orange-purple-splatter-vinyl-edition/,https://menartshop.hr/app/uploads/2026/04/7e57a673-28ff-413d-8acd-ef193755d59d.png,Novo,Novo,LP
Excerpts From Outside – RSD 2026 Clear Vinyl edition,29.95,https://menartshop.hr/proizvod/excerpts-from-outside-rsd-2026-clear-vinyl-edition/,https://menartshop.hr/app/uploads/2026/04/193c71ba-f575-4b19-89dc-8e5598de4899.png,Novo,Novo,LP
Hallo Spaceboy Single – RSD 2026 Pink Vinyl edition,29.90,https://menartshop.hr/proizvod/hallo-spaceboy-single-rsd-2026-pink-vinyl-edition/,https://menartshop.hr/app/uploads/2026/04/dddca959-bbcb-44f8-b885-40a97a07b063.png,Novo,Novo,LP
On Parole – RSD 2026 Marbled Vinyl edition,28.25,https://menartshop.hr/proizvod/on-parole-rsd-2026-marbled-vinyl-edition/,https://menartshop.hr/app/uploads/2026/04/5c39f955-7f3e-438f-b2df-5eee1ff4113e.png,Novo,Novo,LP
Piu Di Me (ltd.numbered burgundy vinyl) (RSD 2026),50.63,https://menartshop.hr/proizvod/piu-di-me-ltd-numbered-burgundy-vinyl-rsd-2026/,https://menartshop.hr/app/uploads/2026/04/a89a4179-1d54-4db9-9003-f4d00dc2b514.png,Novo,Novo,LP
Piu Di Te (ltd.numbered yellow vinyl) (RSD 2026),50.63,https://menartshop.hr/proizvod/piu-di-te-ltd-numbered-yellow-vinyl-rsd-2026/,https://menartshop.hr/app/uploads/2026/04/94c68355-7441-4499-95b9-fa5de9df2bd5.png,Novo,Novo,LP
Echo Dek (ltd.red marbled vinyl) (RSD 2026),32.77,https://menartshop.hr/proizvod/echo-dek-ltd-red-marbled-vinyl-rsd-2026/,https://menartshop.hr/app/uploads/2026/04/e251b862-4ed2-4c41-9448-c28fd4a3f5f3.png,Novo,Novo,LP
At The Speed Of Life (30th anniv.black vinyl) (RSD 2026),34.76,https://menartshop.hr/proizvod/at-the-speed-of-life-30th-anniv-black-vinyl-rsd-2026/,https://menartshop.hr/app/uploads/2026/04/f838b652-0370-4266-982b-3ed3c914da05.png,Novo,Novo,LP
Gods Son (white marble vinyl) (RSD 2026),44.68,https://menartshop.hr/proizvod/gods-son-white-marble-vinyl-rsd-2026/,https://menartshop.hr/app/uploads/2026/04/95637d97-f4ac-46e1-83a9-cf0741ac8a3f.png,Novo,Novo,LP
Great Western (20th anniv.orange marble vinyl) (RSD 2026),30.78,https://menartshop.hr/proizvod/great-western-20th-anniv-orange-marble-vinyl-rsd-2026/,https://menartshop.hr/app/uploads/2026/04/a5506d91-9f39-4912-b535-c61e9ba73f00.png,Novo,Novo,LP
Intimism (green marble vinyl) (RSD 2026),30.78,https://menartshop.hr/proizvod/intimism-green-marble-vinyl-rsd-2026/,https://menartshop.hr/app/uploads/2026/04/2be3861f-2cce-4e3e-96d3-6b762ebe3f51.png,Novo,Novo,LP
Valerie (20th anniv.red vinyl) (RSD 2026),30.78,https://menartshop.hr/proizvod/valerie-20th-anniv-red-vinyl-rsd-2026/,https://menartshop.hr/app/uploads/2026/04/4c0d6e09-6eaa-42f0-b366-64afc1b8b7a6.png,Novo,Novo,LP
Northern Soul (baby blue vinyl) (RSD 2026),44.68,https://menartshop.hr/proizvod/northern-soul-baby-blue-vinyl-rsd-2026/,https://menartshop.hr/app/uploads/2026/04/2b633f17-c3ee-459d-a582-b4f698ed592b.png,Novo,Novo,LP
Ibiza Classics B Sides  (orange transparent vinyl) (RSD 2026),30.78,https://menartshop.hr/proizvod/ibiza-classics-b-sides-orange-transparent-vinyl-rsd-2026/,https://menartshop.hr/app/uploads/2026/04/696fe864-9a77-4fff-929f-0668f97c9e41.png,Novo,Novo,LP
J.Lo  (25th anniv.black vinyl) (RSD 2026),36.73,https://menartshop.hr/proizvod/j-lo-25th-anniv-black-vinyl-rsd-2026/,https://menartshop.hr/app/uploads/2026/04/406f24bf-f385-4c8c-a9a6-d1fe64cb2970.png,Novo,Novo,LP
As Time Explodes – RSD 2026 Clear Vinyl edition,49.90,https://menartshop.hr/proizvod/as-time-explodes-rsd-2026-clear-vinyl-edition/,https://menartshop.hr/app/uploads/2026/04/f062ae3a-c449-47ef-abb4-7b4d5a6f4ff4.png,Novo,Novo,LP
Cold Hard Truth – RSD 2026 Blue Vinyl edition,29.95,https://menartshop.hr/proizvod/cold-hard-truth-rsd-2026-blue-vinyl-edition/,https://menartshop.hr/app/uploads/2026/04/4782ad15-9cd0-4d57-ad2a-dbf6d1a359f8.png,Novo,Novo,LP
Imagination – RSD 2026 Black Vinyl edition,24.95,https://menartshop.hr/proizvod/imagination-rsd-2026-black-vinyl-edition/,https://menartshop.hr/app/uploads/2026/04/2aedf280-442e-4668-8ef0-e940fe2d7109.png,Novo,Novo,LP
"Lick My Decals Off, Baby – RSD 2026 Black Vinyl Deluxe edition",44.90,https://menartshop.hr/proizvod/lick-my-decals-off-baby-rsd-2026-black-vinyl-deluxe-edition/,https://menartshop.hr/app/uploads/2026/04/499c37b1-8955-48a5-9ea5-d5d4c4bf9679.png,Novo,Novo,LP
New Wave B-Sides – RSD 2026 Pink Vinyl edition,29.95,https://menartshop.hr/proizvod/new-wave-b-sides-rsd-2026-pink-vinyl-edition/,https://menartshop.hr/app/uploads/2026/04/094d3e02-ee67-400e-acdd-65c47f559cdb.png,Novo,Novo,LP
One Day It Will Please Us To Remember Even This – RSD 2026 Clear Vinyl edition,44.90,https://menartshop.hr/proizvod/one-day-it-will-please-us-to-remember-even-this-rsd-2026-clear-vinyl-edition/,https://menartshop.hr/app/uploads/2026/04/63f05a83-b063-4680-a80a-a49e3dbe00b6.png,Novo,Novo,LP
Rarities & First Drafts – RSD 2026 Translucent Emerald Vinyl edition,31.60,https://menartshop.hr/proizvod/rarities-first-drafts-rsd-2026-translucent-emerald-vinyl-edition/,https://menartshop.hr/app/uploads/2026/04/cc3212cc-d3fa-489d-96a6-23d2eb28b118.png,Novo,Novo,LP
Analogue – RSD 2026 Deluxe Black Vinyl edition,44.90,https://menartshop.hr/proizvod/analogue-rsd-2026-deluxe-black-vinyl-edition/,https://menartshop.hr/app/uploads/2026/04/97a40a2b-a6bf-4ce6-9df4-6355e83067d2.png,Novo,Novo,LP
"Live In New Haven, Ct, 1986 – RSD 2026 Clear Vinyl edition",44.90,https://menartshop.hr/proizvod/live-in-new-haven-ct-1986-rsd-2026-clear-vinyl-edition/,https://menartshop.hr/app/uploads/2026/04/b45c45b9-8bff-4590-986c-7a5545926496.png,Novo,Novo,LP
Solo Albums – RSD 2026 Black Vinyl edition,131.35,https://menartshop.hr/proizvod/solo-albums-rsd-2026-black-vinyl-edition/,https://menartshop.hr/app/uploads/2026/04/e39ff3f5-4acb-4f09-aa46-ebeb5776ed47.png,Novo,Novo,LP
Alternate Atlantic Crossing – RSD 2026 Tidal Wave vinyl edition,28.25,https://menartshop.hr/proizvod/alternate-atlantic-crossing-rsd-2026-tidal-wave-vinyl-edition/,https://menartshop.hr/app/uploads/2026/04/f4b78a0a-66b4-416c-8fd6-d61f601c5f6f.png,Novo,Novo,LP
"Strange Days 1967: A Work I Progress, Part 2 – RSD 2026 Transparent Turquoise Vinyl edition",34.90,https://menartshop.hr/proizvod/strange-days-1967-a-work-i-progress-part-2-rsd-2026-transparent-turquoise-vinyl-edition/,https://menartshop.hr/app/uploads/2026/04/cb4689df-a99e-4bd1-859b-79c0030c509f.png,Novo,Novo,LP
So Much For (2Our) Dust: Live – RSD 2026 Coloured Vinyl edition,98.10,https://menartshop.hr/proizvod/so-much-for-2our-dust-live-rsd-2026-coloured-vinyl-edition/,https://menartshop.hr/app/uploads/2026/04/ad8b0e35-beef-457c-b8b2-7d0f5f8d0594.png,Novo,Novo,LP
The Modern Lovers (RSD 2026 – Picture vinyl),34.20,https://menartshop.hr/proizvod/the-modern-lovers-rsd-2026-picture-vinyl/,https://menartshop.hr/app/uploads/2026/04/abd2b081-10de-4a02-80ea-e01bf77582ad.png,Novo,Novo,LP
The Lost Tapes Vol.7 Live (RSD 2026 – Colour vinyl),40.70,https://menartshop.hr/proizvod/the-lost-tapes-vol-7-live-rsd-2026-colour-vinyl/,https://menartshop.hr/app/uploads/2026/04/63774862-44bb-42da-a90e-48b130451bed.png,Novo,Novo,LP
Live Wire (RSD 2026 – Colour vinyl),26.90,https://menartshop.hr/proizvod/live-wire-rsd-2026-colour-vinyl/,https://menartshop.hr/app/uploads/2026/04/109d9ac1-eccb-4bf7-8190-3a7410a73b2e.png,Novo,Novo,LP
Acoustic Hits (25th Anniversary Edition) (RSD 2026 – silver vinyl),46.60,https://menartshop.hr/proizvod/acoustic-hits-25th-anniversary-edition-rsd-2026-silver-vinyl/,https://menartshop.hr/app/uploads/2026/04/90ac1604-959a-479c-a5b5-944457adf336.png,Novo,Novo,LP
No Dice (Transparent Orange Vinyl – RSD 2026),34.20,https://menartshop.hr/proizvod/no-dice-transparent-orange-vinyl-rsd-2026/,https://menartshop.hr/app/uploads/2026/04/a624bbdc-200c-4655-8a08-36ed03c4dee1.png,Novo,Novo,LP
"Viva! Roxy Music (RSD 2026 – red, gold vinyl)",36.40,https://menartshop.hr/proizvod/viva-roxy-music-rsd-2026-red-gold-vinyl/,https://menartshop.hr/app/uploads/2026/04/2a68c5d8-bd17-4f54-820e-9434b2ba76cf.png,Novo,Novo,LP
Slang (RSD 2026 – pink vinyl),43.65,https://menartshop.hr/proizvod/slang-rsd-2026-pink-vinyl/,https://menartshop.hr/app/uploads/2026/04/582e2a27-fb10-401e-bd58-b253b04900d3.png,Novo,Novo,LP
Live In Cleveland 1976 (RSD 2026 – transparent vinyl),41.45,https://menartshop.hr/proizvod/live-in-cleveland-1976-rsd-2026-transparent-vinyl/,https://menartshop.hr/app/uploads/2026/04/f71fc5bc-b56b-4bf6-9770-e8d7b26c9416.png,Novo,Novo,LP
Detroit (RSD 2026 – 2LP vinyl),41.45,https://menartshop.hr/proizvod/detroit-rsd-2026-2lp-vinyl/,https://menartshop.hr/app/uploads/2026/04/a1f1a010-dd32-41ff-969c-7f5e6e6e7c05.png,Novo,Novo,LP
Sonnys Crib – Blue Note Classic Vinyl edition,27.20,https://menartshop.hr/proizvod/sonnys-crib-blue-note-classic-vinyl-edition/,https://menartshop.hr/app/uploads/2026/04/743b80c5-6e39-40e5-b4ff-0372dbc9ae9a.png,Novo,Novo,LP
Americana (Vinyl),31.30,https://menartshop.hr/proizvod/americana-vinyl/,https://menartshop.hr/app/uploads/2026/04/56efbb8b-e896-4c21-9c37-4ccf7206f705.png,Novo,Novo,LP
Some Friendly (35th Anniversary White Vinyl),49.05,https://menartshop.hr/proizvod/some-friendly-35th-anniversary-white-vinyl/,https://menartshop.hr/app/uploads/2026/04/52c0ac57-7a79-4f85-8d86-d59ec3523f7e.png,Novo,Novo,LP
Sunn O))) Ltd. (Limited Oxblood Coloured Vinyl),37.40,https://menartshop.hr/proizvod/sunn-o-ltd-limited-oxblood-coloured-vinyl/,https://menartshop.hr/app/uploads/2026/04/22565cf6-bd3a-4f73-b6d1-af2c46201cae.png,Novo,Novo,LP
Sexistential ( White Colour Vinyl),32.60,https://menartshop.hr/proizvod/sexistential-white-colour-vinyl/,https://menartshop.hr/app/uploads/2026/04/2ca2d5cc-70c8-47af-93b4-e880ef54d76a.png,Novo,Novo,LP
Alive In America (Natural Clear Vinyl edition),39.90,https://menartshop.hr/proizvod/alive-in-america-natural-clear-vinyl-edition/,https://menartshop.hr/app/uploads/2026/04/3f239dd5-4eca-425a-9252-226caeb0785a.png,Novo,Novo,LP
Thank You – 2026 Vinyl Reissue edition,44.90,https://menartshop.hr/proizvod/thank-you-2026-vinyl-reissue-edition/,https://menartshop.hr/app/uploads/2026/04/4587e8e2-8914-4b6e-a13d-85b97f10fed2.png,Novo,Novo,LP
Duran Duran (The Wedding Album) – 2026 Vinyl Reissue edition,39.90,https://menartshop.hr/proizvod/duran-duran-the-wedding-album-2026-vinyl-reissue-edition/,https://menartshop.hr/app/uploads/2026/04/2981fb94-e006-47cd-bfa2-c2841b94ab2a.png,Novo,Novo,LP
The 1975 (Clear vinyl edition),37.00,https://menartshop.hr/proizvod/the-1975-clear-vinyl-edition/,https://menartshop.hr/app/uploads/2026/04/b894d5d5-9f3c-4c15-9c55-a0eb7a508074.png,Novo,Novo,LP
Boy (Heavy Weight Vinyl),17.70,https://menartshop.hr/proizvod/boy-heavy-weight-vinyl/,https://menartshop.hr/app/uploads/2026/04/f35b36b4-d81c-4851-8e8b-94854e0c71d4.png,Novo,Novo,LP
Wildfire (Grey Marbled Vinyl edition),38.80,https://menartshop.hr/proizvod/wildfire-grey-marbled-vinyl-edition/,https://menartshop.hr/app/uploads/2026/04/78508b53-956e-4165-8a20-0a76a98e7aaa.png,Novo,Novo,LP
Mutiny After Midnight (Limited Red Vinyl),33.25,https://menartshop.hr/proizvod/mutiny-after-midnight-limited-red-vinyl/,https://menartshop.hr/app/uploads/2026/04/17c22eb8-e5e3-4a64-aee8-e0ed65a4da3a.png,Novo,Novo,LP
WhateverS Clever! (Limited Clear Vinyl edition),33.25,https://menartshop.hr/proizvod/whatevers-clever-limited-clear-vinyl-edition/,https://menartshop.hr/app/uploads/2026/04/c79d8f85-e090-4c16-ab15-f9b46a327f1e.png,Novo,Novo,LP
WhateverS Clever! (Clear Transparent Vinyl edition),33.25,https://menartshop.hr/proizvod/whatevers-clever-clear-transparent-vinyl-edition/,https://menartshop.hr/app/uploads/2026/04/8aed2016-8bb7-4fad-9ecd-7edc105bad5a.png,Novo,Novo,LP
Romantic (White Vinyl),31.60,https://menartshop.hr/proizvod/romantic-white-vinyl/,https://menartshop.hr/app/uploads/2026/03/2629938d-e5de-4292-9e4f-d71eb870b595.png,Novo,Novo,LP
5150 (Limited 2026 Expanded Green Vinyl),48.20,https://menartshop.hr/proizvod/5150-limited-2026-expanded-green-vinyl/,https://menartshop.hr/app/uploads/2026/03/2ada427c-718d-4c69-a9a5-2c03180b29ac.png,Novo,Novo,LP
Hades (Pink Vinyl edition),49.90,https://menartshop.hr/proizvod/hades-pink-vinyl-edition/,https://menartshop.hr/app/uploads/2026/03/53be74e4-b5c1-416a-a30d-6078a1ead56f.png,Novo,Novo,LP
Hades – Limited Forest Abyss Vinyl,39.90,https://menartshop.hr/proizvod/hades-limited-forest-abyss-vinyl/,https://menartshop.hr/app/uploads/2026/03/a1b5b1b0-a317-4511-9dfc-577a304aea15.png,Novo,Novo,LP
Kush + Orange Juice 2 (Ltd. Black & Gold Vinyl),41.40,https://menartshop.hr/proizvod/kush-orange-juice-2-ltd-black-gold-vinyl/,https://menartshop.hr/app/uploads/2026/03/17ad142e-382b-4201-b2b2-c882c6c9945e.png,Novo,Novo,LP
The Rajah (Tone Poet Vinyl),38.10,https://menartshop.hr/proizvod/the-rajah-tone-poet-vinyl-2/,https://menartshop.hr/app/uploads/2026/03/19b0dfa1-7c0a-4a79-b595-c08188b1f92c.png,Novo,Novo,LP
Joker: Folie a Deux (red transluscent Vinyl) – Soundtrack,31.30,https://menartshop.hr/proizvod/joker-folie-a-deux-red-transluscent-vinyl-soundtrack/,https://menartshop.hr/app/uploads/2026/03/360aae5a-6e3b-442d-80c7-f11d2b798b39.png,Novo,Novo,LP
I gledam i sanjam i ne dam – Marbled Vinyl,26.90,https://menartshop.hr/proizvod/i-gledam-i-sanjam-i-ne-dam-marbled-vinyl/,https://menartshop.hr/app/uploads/2026/03/f8b56c0d-31dd-4b12-9efb-3b9df2c156be.png,Novo,Novo,LP
Altars Of Madness (White Vinyl),46.40,https://menartshop.hr/proizvod/altars-of-madness-white-vinyl/,https://menartshop.hr/app/uploads/2026/03/6083a27e-f7a8-4d74-a858-f67776221a80.png,Novo,Novo,LP
Heartwork – Ultimate Edition Phd Exclusive White Vinyl,50.05,https://menartshop.hr/proizvod/heartwork-ultimate-edition-phd-exclusive-white-vinyl/,https://menartshop.hr/app/uploads/2026/03/3f4223b1-83a4-4f24-a2ec-914b6e2b584a.png,Novo,Novo,LP
Symphonies Of Sickness (Ltd White Vinyl),45.65,https://menartshop.hr/proizvod/symphonies-of-sickness-ltd-white-vinyl/,https://menartshop.hr/app/uploads/2026/03/50516646-c3c4-4bb2-956c-6e203c4aa5bc.png,Novo,Novo,LP
Lord Willin (special edition silver vinyl),44.68,https://menartshop.hr/proizvod/lord-willin-special-edition-silver-vinyl/,https://menartshop.hr/app/uploads/2026/03/a01420a1-a987-44b1-8e04-60cdb1697ae3.png,Novo,Novo,LP
Dallas International Motor Speedway 1969 (Clear Vinyl),44.20,https://menartshop.hr/proizvod/dallas-international-motor-speedway-1969-clear-vinyl/,https://menartshop.hr/app/uploads/2026/03/79411ec2-4716-472b-b16a-ca5daaa32fac.png,Novo,Novo,LP
Worlds Gone Wrong (Limited Indie Exclusive Sky Blue Vinyl edition),40.25,https://menartshop.hr/proizvod/worlds-gone-wrong-limited-indie-exclusive-sky-blue-vinyl-edition/,https://menartshop.hr/app/uploads/2026/03/a6877a75-57fb-4572-b2bd-64ca07f25c0a.png,Novo,Novo,LP
Tired Of Hanging Around (20Th Anniv.Yellow Transparent Vinyl),34.76,https://menartshop.hr/proizvod/tired-of-hanging-around-20th-anniv-yellow-transparent-vinyl/,https://menartshop.hr/app/uploads/2026/03/24022bb9-2410-4255-8231-0a640e2d1ddd.png,Novo,Novo,LP
Hell Hath No Fury (special edition gold vinyl),42.70,https://menartshop.hr/proizvod/hell-hath-no-fury-special-edition-gold-vinyl/,https://menartshop.hr/app/uploads/2026/03/9efda6e0-c7c7-4ec8-ada1-81885a1a3b9f.png,Novo,Novo,LP
Moontower (180G Blue Transparent Vinyl) (Reissue 2026),34.76,https://menartshop.hr/proizvod/moontower-180g-blue-transparent-vinyl-reissue-2026/,https://menartshop.hr/app/uploads/2026/03/1d8dda29-3c0f-4d3a-87e2-7e9e9eef0555.png,Novo,Novo,LP
The Rock N’ Roots Of Green Day (Red Vinyl),38.25,https://menartshop.hr/proizvod/the-rock-n-roots-of-green-day-red-vinyl/,https://menartshop.hr/app/uploads/2026/03/725a3040-151e-4891-97f5-fd3e25f0ad16.png,Novo,Novo,LP
If I Should Fall… Lp,29.95,https://menartshop.hr/proizvod/if-i-should-fall-lp/,https://menartshop.hr/app/uploads/2026/03/4c44ed9e-6bce-493f-a434-b65919e4fc19.png,Novo,Novo,LP
999 Lp,19.95,https://menartshop.hr/proizvod/999-lp/,https://menartshop.hr/app/uploads/2026/03/f5ea67f6-55df-4566-8fad-8bc679bb14b7.png,Novo,Novo,LP
Cabin In The Sky (Limited Duckie Yellow Vinyl edition),44.80,https://menartshop.hr/proizvod/cabin-in-the-sky-limited-duckie-yellow-vinyl-edition/,https://menartshop.hr/app/uploads/2026/03/37b62874-24f2-4ab7-824e-1b15ec9e0a3e.png,Novo,Novo,LP
A Fever You CanT Sweat Out (20th Anniversary Deluxe Translucent Ruby Vinyl edition),46.55,https://menartshop.hr/proizvod/a-fever-you-cant-sweat-out-20th-anniversary-deluxe-translucent-ruby-vinyl-edition/,https://menartshop.hr/app/uploads/2026/03/96a0e814-9ba1-4b4c-bbde-0e129eddb907.png,Novo,Novo,LP
Torn – Limited Clear Vinyl,39.90,https://menartshop.hr/proizvod/torn-limited-clear-vinyl/,https://menartshop.hr/app/uploads/2026/03/3e56e736-8431-4808-bf7f-410eb8ffc99a.png,Novo,Novo,LP
Sheer Heart Attack (limited Black Vinyl),27.20,https://menartshop.hr/proizvod/sheer-heart-attack-limited-black-vinyl/,https://menartshop.hr/app/uploads/2026/03/c2456dca-a65e-4e75-816d-424d22340a4e.png,Novo,Novo,LP
Make-Up Is A Lie (Blue Vinyl edition),29.95,https://menartshop.hr/proizvod/make-up-is-a-lie-blue-vinyl-edition/,https://menartshop.hr/app/uploads/2026/03/6417a70f-e6d4-4583-838b-06a87ea522cf.png,Novo,Novo,LP
Make-Up Is A Lie (Limited Red Vinyl edition),29.95,https://menartshop.hr/proizvod/make-up-is-a-lie-limited-red-vinyl-edition/,https://menartshop.hr/app/uploads/2026/03/ddd53106-415b-4392-bf8a-b2d4bbc636ca.png,Novo,Novo,LP
The Romantic (Limited Red Vinyl edition),31.60,https://menartshop.hr/proizvod/the-romantic-limited-red-vinyl-edition/,https://menartshop.hr/app/uploads/2026/03/f2275a80-566f-48ae-ad06-ccf4dc59adb5.png,Novo,Novo,LP
The Romantic (Amazon Exclusive Gold Vinyl),29.90,https://menartshop.hr/proizvod/the-romantic-amazon-exclusive-gold-vinyl/,https://menartshop.hr/app/uploads/2026/03/2b862a42-8fd8-4834-b4a0-aaea0ba7fb11.png,Novo,Novo,LP
Niandra LaDes & Usually Just A T-Shirt (Coloured Vinyl),38.80,https://menartshop.hr/proizvod/niandra-lades-usually-just-a-t-shirt-coloured-vinyl/,https://menartshop.hr/app/uploads/2026/03/14725d64-1595-4b15-87f1-7cbc65829f2f.png,Novo,Novo,LP
Master Of The Rings (Expanded edition – Gold Vinyl),39.30,https://menartshop.hr/proizvod/master-of-the-rings-expanded-edition-gold-vinyl/,https://menartshop.hr/app/uploads/2026/03/0cf7267f-5203-4dba-b59e-9cd18b015028.png,Novo,Novo,LP
The Time Of The Oath (Expanded edition – Violet Vinyl),39.30,https://menartshop.hr/proizvod/the-time-of-the-oath-expanded-edition-violet-vinyl/,https://menartshop.hr/app/uploads/2026/03/ab4e8d6a-e672-41e4-b9b0-a93456ffa90e.png,Novo,Novo,LP
Laughter In Summer (Coloured Vinyl),33.25,https://menartshop.hr/proizvod/laughter-in-summer-coloured-vinyl/,https://menartshop.hr/app/uploads/2026/03/0122ef32-fec9-4afa-bbc5-58050aa4d400.png,Novo,Novo,LP
Mercyful Fate  Vinyl Replica,16.25,https://menartshop.hr/proizvod/mercyful-fate-vinyl-replica/,https://menartshop.hr/app/uploads/2026/03/a5eed06b-7c20-4d75-a27d-f4249f73ed96.png,Novo,Novo,LP
Complete Plugged Nickel Live 1965 – Vinyl BOX,260.35,https://menartshop.hr/proizvod/complete-plugged-nickel-live-1965-vinyl-box/,https://menartshop.hr/app/uploads/2026/03/f89b98cd-58bf-4829-ac8e-af96dc75ec90.png,Novo,Novo,LP
11 5 18 2 5 18 (Clear Vinyl),49.90,https://menartshop.hr/proizvod/11-5-18-2-5-18-clear-vinyl/,https://menartshop.hr/app/uploads/2026/03/59c7dc3e-b00e-4b75-a8b7-aa0b68695d3d.png,Novo,Novo,LP
Io Canto 2 Lp Ltd.,59.85,https://menartshop.hr/proizvod/io-canto-2-lp-ltd/,https://menartshop.hr/app/uploads/2026/03/660696b9-18a5-4415-bdb5-4d366bf1f77c.png,Novo,Novo,LP
"With Odeon On Our Side, Firefly Glow Marbled Vinyl",29.75,https://menartshop.hr/proizvod/with-odeon-on-our-side-firefly-glow-marbled-vinyl/,https://menartshop.hr/app/uploads/2026/03/a1f25529-d448-4414-9e90-820eb829fc1b.png,Novo,Novo,LP
Soundtrack Scala (Red Vinyl),34.90,https://menartshop.hr/proizvod/soundtrack-scala-red-vinyl/,https://menartshop.hr/app/uploads/2026/03/2a71ad55-fb96-4b23-960c-912ccb324524.png,Novo,Novo,LP
Demons Dance (Tone Poet Vinyl),38.00,https://menartshop.hr/proizvod/demons-dance-tone-poet-vinyl/,https://menartshop.hr/app/uploads/2026/02/01b1cb03-e326-41ed-b8e0-2df52ed2d34e.png,Novo,Novo,LP
Midnight Creeper (Tone Poet Vinyl),38.00,https://menartshop.hr/proizvod/midnight-creeper-tone-poet-vinyl/,https://menartshop.hr/app/uploads/2026/02/2b29ff66-2d74-4674-99e2-a795a339457e.png,Novo,Novo,LP
Soldatenschicksale (transparent orange vinyl),44.68,https://menartshop.hr/proizvod/soldatenschicksale-transparent-orange-vinyl/,https://menartshop.hr/app/uploads/2026/02/2e490528-584e-4e53-a842-dc21c82bf0fe.png,Novo,Novo,LP
Eon Of Obscenity (ltd.red marbled vinyl),36.73,https://menartshop.hr/proizvod/eon-of-obscenity-ltd-red-marbled-vinyl/,https://menartshop.hr/app/uploads/2026/02/c59614ab-3495-45e2-93d8-a78c07ad0e54.png,Novo,Novo,LP
Wuthering Heights (Black & Dark Green Marbled Vinyl edition),38.25,https://menartshop.hr/proizvod/wuthering-heights-black-dark-green-marbled-vinyl-edition/,https://menartshop.hr/app/uploads/2026/02/af30b153-4769-4bfc-83d7-bf4257c6feeb.png,Novo,Novo,LP
Alice In Chains IV  (30th anniv.ltd.yellow highlighter vinyl),40.71,https://menartshop.hr/proizvod/alice-in-chains-iv-30th-anniv-ltd-yellow-highlighter-vinyl/,https://menartshop.hr/app/uploads/2026/02/b765dac4-b8fa-4b6c-9cea-b653f526e46f.png,Novo,Novo,LP
Live Around The World (Ltd. Gold LP + DVD Set),27.20,https://menartshop.hr/proizvod/live-around-the-world-ltd-gold-lp-dvd-set/,https://menartshop.hr/app/uploads/2026/02/91440481-3102-4608-b186-0abbe363d00d.png,Novo,Novo,LP
1st Single Album Spaghetti Vinyl (Ltd. Tomato Red),38.80,https://menartshop.hr/proizvod/1st-single-album-spaghetti-vinyl-ltd-tomato-red/,https://menartshop.hr/app/uploads/2026/02/9b8fd652-2546-4426-9ade-861b36893f92.png,Novo,Novo,LP
1st Single Album Spaghetti Vinyl (Ltd. Neon Yellow),38.80,https://menartshop.hr/proizvod/1st-single-album-spaghetti-vinyl-ltd-neon-yellow/,https://menartshop.hr/app/uploads/2026/02/fd7f465f-917b-4660-a639-fa33eb1d0461.png,Novo,Novo,LP
Number Ones – Greatest Hits 1978-2003 (Red vinyl),38.72,https://menartshop.hr/proizvod/number-ones-greatest-hits-1978-2003-red-vinyl/,https://menartshop.hr/app/uploads/2026/02/202c01ae-5d98-402b-af6e-a60b5817ace9.png,Novo,Novo,LP
Cruelty Without Beauty (Pink Coloured Vinyl),56.85,https://menartshop.hr/proizvod/cruelty-without-beauty-pink-coloured-vinyl/,https://menartshop.hr/app/uploads/2026/02/b0b9887d-1dbc-42d4-8366-e58614603867.png,Novo,Novo,LP
Worm Infested (Green With Red Splatter Vinyl),44.45,https://menartshop.hr/proizvod/worm-infested-green-with-red-splatter-vinyl/,https://menartshop.hr/app/uploads/2026/02/e22dde97-c7ce-4a56-b5d2-12c9c8d98297.png,Novo,Novo,LP
Avant La Chute Transparent Blue Vinyl,27.10,https://menartshop.hr/proizvod/avant-la-chute-transparent-blue-vinyl/,https://menartshop.hr/app/uploads/2026/02/3dc12d55-c7f0-427e-8668-9edf0409060d.png,Novo,Novo,LP
The R&B Scene (White Vinyl edition),38.00,https://menartshop.hr/proizvod/the-rb-scene-white-vinyl-edition-2/,https://menartshop.hr/app/uploads/2026/02/20d605ad-753d-4ce1-bfea-a668a0fca2c0.png,Novo,Novo,LP
The Ship (Ltd. Coke Bottle Green Vinyl),31.30,https://menartshop.hr/proizvod/the-ship-ltd-coke-bottle-green-vinyl-2/,https://menartshop.hr/app/uploads/2026/02/67f56962-1ceb-43b2-a3fb-93a6ed170ae5.png,Novo,Novo,LP
Clubhouse (Tone Poet Vinyl),38.10,https://menartshop.hr/proizvod/clubhouse-tone-poet-vinyl-2/,https://menartshop.hr/app/uploads/2026/02/7e31486b-ce04-4205-b9f1-0d5f162ad1ff.png,Novo,Novo,LP
Sonny Clark Trio (Tone Poet Vinyl),38.00,https://menartshop.hr/proizvod/sonny-clark-trio-tone-poet-vinyl/,https://menartshop.hr/app/uploads/2026/02/8df1f379-aa5f-4a6a-a3b4-a25d218be708.png,Novo,Novo,LP
28 Years Later – Soundtrack (red transparent vinyl),50.63,https://menartshop.hr/proizvod/28-years-later-soundtrack-red-transparent-vinyl/,https://menartshop.hr/app/uploads/2026/01/1dd3099b-7de7-42d8-886d-dad1f4db0b45.png,Novo,Novo,LP
Colors Of Bach (140g splatter vinyl),42.70,https://menartshop.hr/proizvod/colors-of-bach-140g-splatter-vinyl/,https://menartshop.hr/app/uploads/2026/01/2c93ac0d-fbae-4986-a269-a0bcd882207b.png,Novo,Novo,LP
Colors Within – Soundtrack (milky translucent vinyl),36.73,https://menartshop.hr/proizvod/colors-within-soundtrack-milky-translucent-vinyl/,https://menartshop.hr/app/uploads/2026/01/415bc5bc-cc04-402c-8406-96641c8159a3.png,Novo,Novo,LP
Down in Albion (20th Anniversary Edition Cream Vinyl edition),63.20,https://menartshop.hr/proizvod/down-in-albion-20th-anniversary-edition-cream-vinyl-edition/,https://menartshop.hr/app/uploads/2026/01/79d5fa9e-1bb8-43e9-b686-ee5555538885.png,Novo,Novo,LP
The Demise Of Planet X (Neon Green Marble Vinyl edition),32.60,https://menartshop.hr/proizvod/the-demise-of-planet-x-neon-green-marble-vinyl-edition/,https://menartshop.hr/app/uploads/2026/01/d2b043a7-1dd3-48ca-ace5-0ea0d4d27800.png,Novo,Novo,LP
Time For Tyner (Tone Poet Vinyl),38.00,https://menartshop.hr/proizvod/time-for-tyner-tone-poet-vinyl-2/,https://menartshop.hr/app/uploads/2026/01/6e26d7d9-7a82-470e-84f1-3fbd52c3d5d7.png,Novo,Novo,LP
4-Track Demos (2020 Vinyl Reissue),27.20,https://menartshop.hr/proizvod/4-track-demos-2020-vinyl-reissue/,https://menartshop.hr/app/uploads/2026/01/fba15e81-add0-4c40-8ae2-2393ec4cf462.png,Novo,Novo,LP
Stans – Soundtrack (Ink Bleed Vinyl),40.00,https://menartshop.hr/proizvod/stans-soundtrack-ink-bleed-vinyl/,https://menartshop.hr/app/uploads/2026/01/39b83589-67dd-4b0f-89f0-6557de10c993.png,Novo,Novo,LP
Death Magnetic (Magnetic Silver Vinyl),46.40,https://menartshop.hr/proizvod/death-magnetic-magnetic-silver-vinyl/,https://menartshop.hr/app/uploads/2026/01/35233f5a-413d-4a07-b5ad-b25338237387.png,Novo,Novo,LP
Station To Station (Limited Picture Vinyl),38.25,https://menartshop.hr/proizvod/station-to-station-limited-picture-vinyl/,https://menartshop.hr/app/uploads/2026/01/67e6114b-6a47-49f6-83ca-50a5f9507ecb.png,Novo,Novo,LP
Aja (Vinyl),27.20,https://menartshop.hr/proizvod/aja-vinyl/,https://menartshop.hr/app/uploads/2026/01/f554ea41-7b40-44ad-a0d6-1c57a1f30286.png,Novo,Novo,LP
Kiss (Ltd. Back To Black Vinyl),27.20,https://menartshop.hr/proizvod/kiss-ltd-back-to-black-vinyl/,https://menartshop.hr/app/uploads/2026/01/82eb14b2-2ef8-4876-99cb-fe4e98fd0730.png,Novo,Novo,LP
Endangered Species (Vinyl Stdeclat Transparent),39.90,https://menartshop.hr/proizvod/endangered-species-vinyl-stdeclat-transparent/,https://menartshop.hr/app/uploads/2026/01/acbeb40a-e36e-4311-a5c2-ce2ac6ef8c6e.png,Novo,Novo,LP
Ritual I & II (Limited Transparent Orange Vinyl),50.63,https://menartshop.hr/proizvod/ritual-i-ii-limited-transparent-orange-vinyl/,https://menartshop.hr/app/uploads/2025/12/defa69aa-e17a-49aa-add5-6ed394658b2a.png,Novo,Novo,LP
Talk (30th Anniversary White Vinyl edition),64.75,https://menartshop.hr/proizvod/talk-30th-anniversary-white-vinyl-edition/,https://menartshop.hr/app/uploads/2025/12/64f1b386-362b-460d-9357-23118a76e3a7.png,Novo,Novo,LP
Tokyo 1999 vol. (Clear Vinyl),45.50,https://menartshop.hr/proizvod/tokyo-1999-vol-clear-vinyl/,https://menartshop.hr/app/uploads/2025/12/53d0e6e6-b0e7-4b96-9f3a-29d2530ee1e7.png,Novo,Novo,LP
Springsteen: Deliver Me From Nowhere – Soundtrack (Gray asbury vinyl),50.63,https://menartshop.hr/proizvod/springsteen-deliver-me-from-nowhere-soundtrack-gray-asbury-vinyl/,https://menartshop.hr/app/uploads/2025/12/9e687e0e-b791-4dea-bc0a-43613794c0cb.png,Novo,Novo,LP
One More Time (Ltd. Clear Lp Retail Exkl.),27.40,https://menartshop.hr/proizvod/one-more-time-ltd-clear-lp-retail-exkl/,https://menartshop.hr/app/uploads/2025/12/a0e5a2bb-fded-4bfc-8a35-283ffaf59803.png,Novo,Novo,LP
Memento Mori Mexico City 2023 (Silver vinyl),85.29,https://menartshop.hr/proizvod/memento-mori-mexico-city-2023-silver-vinyl/,https://menartshop.hr/app/uploads/2025/12/f429b470-628f-4cf6-96f8-2375dee3e583.png,Novo,Novo,LP
Voila! The Very Best Of (Limited Vinyl),39.90,https://menartshop.hr/proizvod/voila-the-very-best-of-limited-vinyl/,https://menartshop.hr/app/uploads/2025/12/b5593c96-99dc-400f-9377-4a8db2417446.png,Novo,Novo,LP
Carnage Visors Soundtrack Faith – Rarities & B Sides LTD Smoke Vinyl,56.15,https://menartshop.hr/proizvod/carnage-visors-soundtrack-faith-rarities-b-sides-ltd-smoke-vinyl/,https://menartshop.hr/app/uploads/2025/12/afe0c9cc-1829-41fe-8e48-e95cc1ddbbeb.png,Novo,Novo,LP
Carnage Visors Soundtrack Faith – Rarities & B Sides LTD Dark Marble Purple Vinyl,82.25,https://menartshop.hr/proizvod/carnage-visors-soundtrack-faith-rarities-b-sides-ltd-dark-marble-purple-vinyl/,https://menartshop.hr/app/uploads/2025/12/00ddc9bd-768a-461a-86ba-08acf20fde5f.png,Novo,Novo,LP
GO:OD AM (10 Year Anniversary White & Yellow Vinyl edition),81.45,https://menartshop.hr/proizvod/good-am-10-year-anniversary-white-yellow-vinyl-edition/,https://menartshop.hr/app/uploads/2025/12/5a0e09a1-f041-4938-8aa3-364385fe9fc5.png,Novo,Novo,LP
High Times: Singles 1992-2006 -Tour Edition 2025 (Marbled Steel Vinyl Tour edition),58.58,https://menartshop.hr/proizvod/high-times-singles-1992-2006-tour-edition-2025-marbled-steel-vinyl-tour-edition/,https://menartshop.hr/app/uploads/2025/12/20561779-294a-4371-a76f-66ad1001f19c.png,Novo,Novo,LP
dBpm 15 (RSD Black Friday 2025 Red Vinyl edition),29.24,https://menartshop.hr/proizvod/dbpm-15-rsd-black-friday-2025-red-vinyl-edition/,https://menartshop.hr/app/uploads/2025/12/59fd99d6-8e03-4551-b5c4-982044c73426.png,Novo,Novo,LP
Dimension Hatross (Ltd.Edition Splatter Vinyl),30.30,https://menartshop.hr/proizvod/dimension-hatross-ltd-edition-splatter-vinyl/,https://menartshop.hr/app/uploads/2025/12/7ef6ed1b-b4c3-4660-915b-d1b0638cf6ea.png,Novo,Novo,LP
Newk’s Time (Blue Note Classic Vinyl Series 2023),27.20,https://menartshop.hr/proizvod/newks-time-blue-note-classic-vinyl-series-2023/,https://menartshop.hr/app/uploads/2025/12/02e3f8aa-da7f-47ba-a029-c29e4389e771.png,Novo,Novo,LP
Let England Shake – Demos (Vinyl),24.55,https://menartshop.hr/proizvod/let-england-shake-demos-vinyl/,https://menartshop.hr/app/uploads/2025/12/0f4f95e8-28d7-4168-89a9-f40097182d8d.png,Novo,Novo,LP
Passion (Reissue Vinyl),30.30,https://menartshop.hr/proizvod/passion-reissue-vinyl/,https://menartshop.hr/app/uploads/2025/12/04230d02-1b0e-4cb0-b52a-e9f37a298cc1.png,Novo,Novo,LP
Birdy (Reissue Vinyl),18.10,https://menartshop.hr/proizvod/birdy-reissue-vinyl/,https://menartshop.hr/app/uploads/2025/12/fcb7feb6-f0cf-4e40-a038-cd33712a43bb.png,Novo,Novo,LP
Conspiracy Of One (Reissue Vinyl),30.30,https://menartshop.hr/proizvod/conspiracy-of-one-reissue-vinyl/,https://menartshop.hr/app/uploads/2025/12/efbfa93b-51d7-4bbb-83ab-09b477c057c2.png,Novo,Novo,LP
12″Ers (RSD Black Friday 2025 Black vinyl EP edition),29.95,https://menartshop.hr/proizvod/12ers-rsd-black-friday-2025-black-vinyl-ep-edition/,https://menartshop.hr/app/uploads/2025/11/ae8b93a4-f40e-4b2c-93da-3d00296bd3ac.png,Novo,Novo,LP
Rolling Thunder Revue (Live) (RSD Black Friday 2025 Black vinyl edition),29.95,https://menartshop.hr/proizvod/rolling-thunder-revue-live-rsd-black-friday-2025-black-vinyl-edition/,https://menartshop.hr/app/uploads/2025/11/b74121af-4430-4a1a-886c-0ce78eb0eaa0.png,Novo,Novo,LP
Not The Captains Birthday Party (Clear Splatter Vinyl) (Indie Crystal Exclusive),31.60,https://menartshop.hr/proizvod/not-the-captains-birthday-party-clear-splatter-vinyl-indie-crystal-exclusive/,https://menartshop.hr/app/uploads/2025/11/a28a52b9-ce3b-4639-b952-3865b418ce1b.png,Novo,Novo,LP
The Beat At The BBC (RSD Black Friday 2025 Clear Vinyl edition),49.90,https://menartshop.hr/proizvod/the-beat-at-the-bbc-rsd-black-friday-2025-clear-vinyl-edition/,https://menartshop.hr/app/uploads/2025/11/66fcd8d6-46fc-49a9-be28-6a72d96b13f8.png,Novo,Novo,LP
"Live Antology: From The Vaults, Vol.1 (RSD Black Friday 2025 Turquoise Vinyl edition)",48.20,https://menartshop.hr/proizvod/live-antology-from-the-vaults-vol-1-rsd-black-friday-2025-turquoise-vinyl-edition/,https://menartshop.hr/app/uploads/2025/11/7f66d2c4-573d-4034-8831-ea7f40ae8657.png,Novo,Novo,LP
Rent (RSD Black Friday 2025 Red & Milky Clear Vinyl edition),49.90,https://menartshop.hr/proizvod/rent-rsd-black-friday-2025-red-milky-clear-vinyl-edition/,https://menartshop.hr/app/uploads/2025/11/911f09d8-8c28-436f-8135-c798db862b74.png,Novo,Novo,LP
Greatest Hits (RSD Black Friday 2025 Clear vinyl edition),29.95,https://menartshop.hr/proizvod/greatest-hits-rsd-black-friday-2025-clear-vinyl-edition/,https://menartshop.hr/app/uploads/2025/11/a3952c8c-6541-4345-a35c-ac2edee5121c.png,Novo,Novo,LP
Trouble In Paradise: Demos (RSD Black Friday 2025 Black vinyl edition),28.25,https://menartshop.hr/proizvod/trouble-in-paradise-demos-rsd-black-friday-2025-black-vinyl-edition/,https://menartshop.hr/app/uploads/2025/11/31587dd8-5048-40ba-9a55-57cdb00b5eaf.png,Novo,Novo,LP
ig Poppa Remix (RSD Black Friday 2025 Red Vinyl edition),28.25,https://menartshop.hr/proizvod/ig-poppa-remix-rsd-black-friday-2025-red-vinyl-edition/,https://menartshop.hr/app/uploads/2025/11/865c6602-0b2f-4e96-8907-cfab72a7e77c.png,Novo,Novo,LP
Gettin Money (The Get Money Remix) (RSD Black Friday 2025 Money-Green Vinyl edition),28.25,https://menartshop.hr/proizvod/gettin-money-the-get-money-remix-rsd-black-friday-2025-money-green-vinyl-edition/,https://menartshop.hr/app/uploads/2025/11/62c9ee56-e706-45b0-8c9d-f2d733f7adc8.png,Novo,Novo,LP
Live At Wembley 1995 (RSD Black Friday 2025 Coloured Vinyl edition),29.95,https://menartshop.hr/proizvod/live-at-wembley-1995-rsd-black-friday-2025-coloured-vinyl-edition/,https://menartshop.hr/app/uploads/2025/11/1efe54dd-08c4-49c1-8479-3b690560f944.png,Novo,Novo,LP
Dead Dawn (Indie Crystal Exclusive Splatter Vinyl),31.60,https://menartshop.hr/proizvod/dead-dawn-indie-crystal-exclusive-splatter-vinyl/,https://menartshop.hr/app/uploads/2025/11/c6f329d2-33de-4faf-ac66-5e4c7507d058.png,Novo,Novo,LP
Back To The Front Lp Crystal,31.60,https://menartshop.hr/proizvod/back-to-the-front-lp-crystal/,https://menartshop.hr/app/uploads/2025/11/b1a77231-d958-4db9-9c8e-8fd97f7f6ab6.png,Novo,Novo,LP
"Live At CBGB, 1977 (140 Gr. Vinyl Red) (RSD Black Friday 2025 Red Vinyl edition)",29.90,https://menartshop.hr/proizvod/live-at-cbgb-1977-140-gr-vinyl-red-rsd-black-friday-2025-red-vinyl-edition/,https://menartshop.hr/app/uploads/2025/11/12711093-bef6-4575-b9a5-bfd1410ee40f.png,Novo,Novo,LP
Welcome To My Nightmare Live From The Forum 6/17/775 Lp,39.90,https://menartshop.hr/proizvod/welcome-to-my-nightmare-live-from-the-forum-6-17-775-lp/,https://menartshop.hr/app/uploads/2025/11/52fc107e-38b0-485e-bc1e-d3f113a89233.png,Novo,Novo,LP
Watchmen – Soundtrack (RSD Black Friday 2025 Picture vinyl edition),39.90,https://menartshop.hr/proizvod/watchmen-soundtrack-rsd-black-friday-2025-picture-vinyl-edition/,https://menartshop.hr/app/uploads/2025/11/5efaa3d8-f429-487e-b63d-b166d0e4037d.png,Novo,Novo,LP
Tentative Decisions: 1974-1976 (RSD Black Friday 2025 Clear Vinyl edition),39.90,https://menartshop.hr/proizvod/tentative-decisions-1974-1976-rsd-black-friday-2025-clear-vinyl-edition/,https://menartshop.hr/app/uploads/2025/11/1fd50cfd-d29a-40ee-ba34-677415a40977.png,Novo,Novo,LP
Take Me On – 40Th Anniversary (RSD Black Friday 2025 Red vinyl edition),28.30,https://menartshop.hr/proizvod/take-me-on-40th-anniversary-rsd-black-friday-2025-red-vinyl-edition/,https://menartshop.hr/app/uploads/2025/11/13344cc8-b899-4527-b027-6f2085bb61fe.png,Novo,Novo,LP
My God (Splatter Vinyl edition),33.25,https://menartshop.hr/proizvod/my-god-splatter-vinyl-edition/,https://menartshop.hr/app/uploads/2025/11/e9eb50ba-1f76-4cf0-8a4e-d5f803e36bde.png,Novo,Novo,LP
Live 1975 (RSD Black Friday 2025 Clear vinyl edition),49.90,https://menartshop.hr/proizvod/live-1975-rsd-black-friday-2025-clear-vinyl-edition/,https://menartshop.hr/app/uploads/2025/11/5fb78ae3-99f5-420e-a156-4cd5af0b6eaa.png,Novo,Novo,LP
It’s Better If You Don’t Understand (RSD Black Friday 2025 Black vinyl EP edition),24.95,https://menartshop.hr/proizvod/its-better-if-you-dont-understand-rsd-black-friday-2025-black-vinyl-ep-edition/,https://menartshop.hr/app/uploads/2025/11/0b378c96-f508-4ccb-ba1d-4ea16d318db3.png,Novo,Novo,LP
Live In Copenhagen 1968 (RSD Black Friday 2025 Crystal Clear Vinyl edition),49.90,https://menartshop.hr/proizvod/live-in-copenhagen-1968-rsd-black-friday-2025-crystal-clear-vinyl-edition/,https://menartshop.hr/app/uploads/2025/11/e6069802-a035-4d08-9fe9-008764746053.png,Novo,Novo,LP
"Warfield, San Francisco, Ca Oct 4 & 6, 1980 (RSD Black Friday 2025 Black vinyl edition)",49.90,https://menartshop.hr/proizvod/warfield-san-francisco-ca-oct-4-6-1980-rsd-black-friday-2025-black-vinyl-edition/,https://menartshop.hr/app/uploads/2025/11/1c967fab-dc1a-4d65-bc1c-86f40109b2c4.png,Novo,Novo,LP
On A Back Porch Vol. 2 (RSD Black Friday 2025 Black vinyl edition),24.95,https://menartshop.hr/proizvod/on-a-back-porch-vol-2-rsd-black-friday-2025-black-vinyl-edition/,https://menartshop.hr/app/uploads/2025/11/2796bba2-82ed-4f93-8a85-15baf44d6cd5.png,Novo,Novo,LP
Yoshimi Battles the Pink Robot Live at the Zoo Amphitheatre (RSD Black Friday 2025 Yellow vinyl edition),44.90,https://menartshop.hr/proizvod/yoshimi-battles-the-pink-robot-live-at-the-zoo-amphitheatre-rsd-black-friday-2025-yellow-vinyl-edition/,https://menartshop.hr/app/uploads/2025/11/ba5e6c82-6788-4b22-9922-3e768b73a1d2.png,Novo,Novo,LP
Mad Season: Live (RSD Black Friday 2025 Brown vinyl edition),59.85,https://menartshop.hr/proizvod/mad-season-live-rsd-black-friday-2025-brown-vinyl-edition/,https://menartshop.hr/app/uploads/2025/11/39e2d436-a9af-452b-a3a5-9ca37946bfa4.png,Novo,Novo,LP
Royal Bastards (Hot pink vinyl),39.55,https://menartshop.hr/proizvod/royal-bastards-hot-pink-vinyl/,https://menartshop.hr/app/uploads/2025/11/efcb0de6-11e7-4aa3-aa04-19bf68307b1c.png,Novo,Novo,LP
Una Storia Importante (Black vinyl),50.64,https://menartshop.hr/proizvod/una-storia-importante-black-vinyl/,https://menartshop.hr/app/uploads/2025/11/3882a765-f40d-4c04-a642-7469860f5295.png,Novo,Novo,LP
STOOGES LP,28.25,https://menartshop.hr/proizvod/stooges-lp/,https://menartshop.hr/app/uploads/2025/11/dfd1298b-085b-4a95-9857-f99d62317bd3.png,Novo,Novo,LP
Somewhere Back In Time Lp,39.90,https://menartshop.hr/proizvod/somewhere-back-in-time-lp/,https://menartshop.hr/app/uploads/2025/11/dbdf0bb3-77b2-43ca-ab20-e2395a58d1de.png,Novo,Novo,LP
The Blue Moods Of Spain (Limited Rocktober 2025 Blue Vinyl edition),48.20,https://menartshop.hr/proizvod/the-blue-moods-of-spain-limited-rocktober-2025-blue-vinyl-edition/,https://menartshop.hr/app/uploads/2025/11/72830cd9-0d29-48b7-baf2-b45765b2f5c0.png,Novo,Novo,LP
The Singles (Red & White Vinyl edition),40.71,https://menartshop.hr/proizvod/the-singles-red-white-vinyl-edition/,https://menartshop.hr/app/uploads/2025/11/b65fc9fd-033c-40d4-90cb-20e06d0adbea.png,Novo,Novo,LP
Echo (2025 Red Vinyl edition),42.70,https://menartshop.hr/proizvod/echo-2025-red-vinyl-edition/,https://menartshop.hr/app/uploads/2025/11/52b06011-2dc4-4d34-a6b3-0306d1da17c2.png,Novo,Novo,LP
Ma Io Sono Fuoco (Blue Vinyl),29.95,https://menartshop.hr/proizvod/ma-io-sono-fuoco-blue-vinyl/,https://menartshop.hr/app/uploads/2025/11/29c1cd5d-b4a5-4520-95af-20e4eccaefbd.png,Novo,Novo,LP
Buckingham Nicks (2025 Remastered Baby Blue Vinyl edition),29.95,https://menartshop.hr/proizvod/buckingham-nicks-2025-remastered-baby-blue-vinyl-edition/,https://menartshop.hr/app/uploads/2025/11/7d6f4787-517b-4ac0-9968-4823cb5f7abc.png,Novo,Novo,LP
Forever (25th Anniversary) (Limited Edition) (Red W/ Black Marble Vinyl),27.20,https://menartshop.hr/proizvod/forever-25th-anniversary-limited-edition-red-w-black-marble-vinyl/,https://menartshop.hr/app/uploads/2025/11/e9446d1e-f4fc-4b92-8ae5-8b12e5dc0d8c.png,Novo,Novo,LP
Muse (Colour Vinyl),55.50,https://menartshop.hr/proizvod/muse-colour-vinyl/,https://menartshop.hr/app/uploads/2025/11/ff9cfb45-a924-4f84-b3c7-6ddf2ff07ee3.png,Novo,Novo,LP
As You Were (NAD 2025 Zoetrope Vinyl edition,33.25,https://menartshop.hr/proizvod/as-you-were-nad-2025-zoetrope-vinyl-edition/,https://menartshop.hr/app/uploads/2025/11/5556506a-b3e6-4eac-aeec-35df9d722a0d.png,Novo,Novo,LP
We Are Born  (180g vinyl),22.83,https://menartshop.hr/proizvod/we-are-born-180g-vinyl/,https://menartshop.hr/app/uploads/2025/11/1397dcc0-5b2c-4ffc-9bca-cf0465313315.png,Novo,Novo,LP
Piano Man  (180g legacy vinyl),22.83,https://menartshop.hr/proizvod/piano-man-180g-legacy-vinyl/,https://menartshop.hr/app/uploads/2025/11/4feab050-d6ac-434d-9502-9f134fb19acb.png,Novo,Novo,LP
Are You Experienced – 180g legacy vinyl,34.76,https://menartshop.hr/proizvod/are-you-experienced-180g-legacy-vinyl/,https://menartshop.hr/app/uploads/2025/11/3eda3741-51e3-4032-8735-0cb75fe461e3.png,Novo,Novo,LP
In A Silent Way  (180g legacy vinyl),19.66,https://menartshop.hr/proizvod/in-a-silent-way-180g-legacy-vinyl/,https://menartshop.hr/app/uploads/2025/11/02db2029-eb63-4058-8f62-dc00c5e37bb5.png,Novo,Novo,LP
Live At River Plate  (red vinyl),42.70,https://menartshop.hr/proizvod/live-at-river-plate-red-vinyl/,https://menartshop.hr/app/uploads/2025/11/6266f0d2-f44e-4da4-bd0b-822d6be882e5.png,Novo,Novo,LP
Lady In Satin  (remaster lp booklet),4.85,https://menartshop.hr/proizvod/lady-in-satin-remaster-lp-booklet/,https://menartshop.hr/app/uploads/2025/11/4d28c02d-ee78-4a58-ab2f-83b257ad8b9f.png,Novo,Novo,LP
Aha Shake Heartbreak  (180g vinyl +mp3 download code),30.78,https://menartshop.hr/proizvod/aha-shake-heartbreak-180g-vinyl-mp3-download-code/,https://menartshop.hr/app/uploads/2025/11/c5598d67-548f-42ef-8358-443313951193.png,Novo,Novo,LP
Boney M.-Love For Sale (high-resolution mastering) LP,20.86,https://menartshop.hr/proizvod/boney-m-love-for-sale-high-resolution-mastering-lp/,https://menartshop.hr/app/uploads/2025/11/cfd690ed-2803-4455-a76e-678c866b6c74.png,Novo,Novo,LP
Santana 1  (180g legacy vinyl),22.83,https://menartshop.hr/proizvod/santana-1-180g-legacy-vinyl/,https://menartshop.hr/app/uploads/2025/11/092cedfe-143c-4c52-9b8a-54e4e4d66116.png,Novo,Novo,LP
Electric Ladyland  (180g legacy vinyl),40.71,https://menartshop.hr/proizvod/electric-ladyland-180g-legacy-vinyl/,https://menartshop.hr/app/uploads/2025/11/a8d4c42e-4789-44d5-981d-dacf92f61529.png,Novo,Novo,LP
Sketches Of Spain  (180g legacy vinyl),19.66,https://menartshop.hr/proizvod/sketches-of-spain-180g-legacy-vinyl/,https://menartshop.hr/app/uploads/2025/11/c1e6e23c-52c1-432c-b612-ad3db3f2b144.png,Novo,Novo,LP
Nebraska  (RSD vinyl),26.81,https://menartshop.hr/proizvod/nebraska-rsd-vinyl/,https://menartshop.hr/app/uploads/2025/11/7e10eb48-a25d-4774-807a-ec4a2f070ab2.png,Novo,Novo,LP
Čovek Koji Ima Obaveze Lp,17.12,https://menartshop.hr/proizvod/covek-koji-ima-obaveze-lp/,https://menartshop.hr/app/uploads/2025/11/9bdf8ca5-a529-4b4e-b408-49fb494831cb.png,Novo,Novo,LP
At Newport 1956 Complete  (remaster lp booklet),6.63,https://menartshop.hr/proizvod/at-newport-1956-complete-remaster-lp-booklet/,https://menartshop.hr/app/uploads/2025/11/3e8dcfff-3aa6-4bcb-9106-53d6cfaf0f52.png,Novo,Novo,LP
HITCHHIKER LP,30.65,https://menartshop.hr/proizvod/hitchhiker-lp/,https://menartshop.hr/app/uploads/2025/11/19c01285-c6df-4eb3-bcd4-0bf77660549c.png,Novo,Novo,LP
Tuscaloosa Live Lp,29.99,https://menartshop.hr/proizvod/tuscaloosa-live-lp/,https://menartshop.hr/app/uploads/2025/11/c9d495a5-d530-493e-b952-bc7137e51694.png,Novo,Novo,LP
Colorado 2Lp + 7” Single,39.68,https://menartshop.hr/proizvod/colorado-2lp-7-single/,https://menartshop.hr/app/uploads/2025/11/6a199892-5efc-49db-8617-b14d6f686909.png,Novo,Novo,LP
Father Of All… Lp,19.95,https://menartshop.hr/proizvod/father-of-all-lp/,https://menartshop.hr/app/uploads/2025/11/704a09f3-13b7-496c-9112-a21a386676e0.png,Novo,Novo,LP
Father Of All…(Red) Lp,29.70,https://menartshop.hr/proizvod/father-of-all-red-lp/,https://menartshop.hr/app/uploads/2025/11/f4023c0f-d3b3-4de6-9e0a-c5e8e1a09fd1.png,Novo,Novo,LP
Dick Tracy (RSD 2020) – Vinyl,23.76,https://menartshop.hr/proizvod/dick-tracy-rsd-2020-vinyl/,https://menartshop.hr/app/uploads/2025/11/eaa97380-2140-43d6-95a1-294bfcab4ea7.png,Novo,Novo,LP
Live In Seattle 1970 (Grey Marble Vinyl),26.00,https://menartshop.hr/proizvod/live-in-seattle-1970-grey-marble-vinyl/,https://menartshop.hr/app/uploads/2025/11/88c771e4-6db6-4a6b-85f5-46ff6c43c9d1.png,Novo,Novo,LP
Live 1979 At Towson Center (Red Vinyl),34.10,https://menartshop.hr/proizvod/live-1979-at-towson-center-red-vinyl/,https://menartshop.hr/app/uploads/2025/11/d1f082db-fd85-4e9d-ba2f-67552b644717.png,Novo,Novo,LP
Live In New Orleans 1994 (Natural Clear Vinyl),27.49,https://menartshop.hr/proizvod/live-in-new-orleans-1994-natural-clear-vinyl/,https://menartshop.hr/app/uploads/2025/11/5239b74e-aed0-49d0-a3be-ed4c322a4ebd.png,Novo,Novo,LP
Sick With Love /She Got It Together  (RSD vinyl),22.83,https://menartshop.hr/proizvod/sick-with-love-she-got-it-together-rsd-vinyl/,https://menartshop.hr/app/uploads/2025/11/4e3bd8cc-0f31-4d22-8b97-0dc2ee5848db.png,Novo,Novo,LP
Grandaddy-Last Place (limited brown vinyl) LP,22.83,https://menartshop.hr/proizvod/grandaddy-last-place-limited-brown-vinyl-lp/,https://menartshop.hr/app/uploads/2025/11/43287f5a-d47d-43f3-aeaa-7d80ac952247.png,Novo,Novo,LP
Triplicate (180g vinyl),54.61,https://menartshop.hr/proizvod/triplicate-180g-vinyl/,https://menartshop.hr/app/uploads/2025/11/4c23d6e3-bad0-4e09-a860-8020553a5d68.png,Novo,Novo,LP
Spirit  (180g lp +mp3 download code),34.76,https://menartshop.hr/proizvod/spirit-180g-lp-mp3-download-code/,https://menartshop.hr/app/uploads/2025/11/7eaf8a79-7552-4270-9782-56effae41285.png,Novo,Novo,LP
Nightflight To Venus (high-resolution mastering) LP,20.86,https://menartshop.hr/proizvod/nightflight-to-venus-high-resolution-mastering-lp/,https://menartshop.hr/app/uploads/2025/11/54486dcb-282d-44c0-be8e-3843b52592af.png,Novo,Novo,LP
Battle Studies (180g vinyl),34.76,https://menartshop.hr/proizvod/battle-studies-180g-vinyl/,https://menartshop.hr/app/uploads/2025/11/954fb868-2461-444f-8985-5c0c69177fd8.png,Novo,Novo,LP
Heavier Things (180g vinyl) LP,22.83,https://menartshop.hr/proizvod/heavier-things-180g-vinyl-lp/,https://menartshop.hr/app/uploads/2025/11/95ce35fd-d03c-461b-9610-27bb8eca09ea.png,Novo,Novo,LP
Childrens Album (RSD vinyl) LP,22.83,https://menartshop.hr/proizvod/childrens-album-rsd-vinyl-lp/,https://menartshop.hr/app/uploads/2025/11/28707fd6-26e0-4e0d-a9d4-5b86de72405a.png,Novo,Novo,LP
Lazarus  (180g lp +mp3 download code),54.61,https://menartshop.hr/proizvod/lazarus-180g-lp-mp3-download-code/,https://menartshop.hr/app/uploads/2025/11/0c01efe0-6aef-4caa-a2e9-0ea0d768944b.png,Novo,Novo,LP
Live In Perth 2005 (RSD vinyl),24.82,https://menartshop.hr/proizvod/live-in-perth-2005-rsd-vinyl/,https://menartshop.hr/app/uploads/2025/11/df54fa33-94a2-499e-b0f2-3e5b4615d989.png,Novo,Novo,LP
Greatest Hits  (180g legacy vinyl),30.78,https://menartshop.hr/proizvod/greatest-hits-180g-legacy-vinyl/,https://menartshop.hr/app/uploads/2025/11/7d8e2880-bf24-41c5-b454-9f9404a0ff16.png,Novo,Novo,LP
Stand  (180g legacy vinyl),24.82,https://menartshop.hr/proizvod/stand-180g-legacy-vinyl/,https://menartshop.hr/app/uploads/2025/11/ecaa198c-5393-4fd5-ad24-4fd9d6916278.png,Novo,Novo,LP
"Funny, How Sweet Co Co Can Be (New Vinyl",22.83,https://menartshop.hr/proizvod/funny-how-sweet-co-co-can-be-new-vinyl/,https://menartshop.hr/app/uploads/2025/11/9f4c6d07-268a-492c-8f9b-cadf49ea8395.png,Novo,Novo,LP
Youth And Young Manhood  (180g legacy vinyl),30.78,https://menartshop.hr/proizvod/youth-and-young-manhood-180g-legacy-vinyl/,https://menartshop.hr/app/uploads/2025/11/78b14c58-6888-414b-8617-cacac8afd4f7.png,Novo,Novo,LP
Legalize It  (180g legacy vinyl),26.81,https://menartshop.hr/proizvod/legalize-it-180g-legacy-vinyl/,https://menartshop.hr/app/uploads/2025/11/7e73eef2-2be1-4716-8757-34add9e2fe56.png,Novo,Novo,LP
Elvis 56 (180g legacy vinyl),26.82,https://menartshop.hr/proizvod/elvis-56-180g-legacy-vinyl/,https://menartshop.hr/app/uploads/2025/11/02c81088-fd30-4d86-a855-507c5fd3c7c3.png,Novo,Novo,LP
Songs In A Minor  (180g legacy vinyl),26.81,https://menartshop.hr/proizvod/songs-in-a-minor-180g-legacy-vinyl/,https://menartshop.hr/app/uploads/2025/11/2f5bf221-586c-4a81-9504-163ecf1f01b7.png,Novo,Novo,LP
101 – Live 1989  (180g vinyl +photo booklet),40.71,https://menartshop.hr/proizvod/101-live-1989-180g-vinyl-photo-booklet/,https://menartshop.hr/app/uploads/2025/11/4aeb0b91-5089-4cc2-b7c9-e5b634d6cc1f.png,Novo,Novo,LP
Speak And Spell  (180g legacy vinyl),26.81,https://menartshop.hr/proizvod/speak-and-spell-180g-legacy-vinyl/,https://menartshop.hr/app/uploads/2025/11/9d8a7050-e81c-4f68-a0f4-475f5b81f241.png,Novo,Novo,LP
A Broken Frame  (180g legacy vinyl),26.80,https://menartshop.hr/proizvod/a-broken-frame-180g-legacy-vinyl-2/,https://menartshop.hr/app/uploads/2025/11/a840b07e-b7b8-4e08-98fd-e6c152a93b3c.png,Novo,Novo,LP
Fallen Angels  (140g lp +mp3 download code),22.83,https://menartshop.hr/proizvod/fallen-angels-140g-lp-mp3-download-code/,https://menartshop.hr/app/uploads/2025/11/21f70c97-0f00-4b26-9955-60a3971bbe34.png,Novo,Novo,LP
Smash Hits  (RSD vinyl),18.87,https://menartshop.hr/proizvod/smash-hits-rsd-vinyl/,https://menartshop.hr/app/uploads/2025/11/f591d004-0775-407b-82f0-9e9ae126444f.png,Novo,Novo,LP
Songs From A Room  (180g legacy vinyl),22.83,https://menartshop.hr/proizvod/songs-from-a-room-180g-legacy-vinyl/,https://menartshop.hr/app/uploads/2025/11/7d6dce90-d523-4974-a2f9-50c139da79b8.png,Novo,Novo,LP
A New World Record  (180g legacy vinyl),22.83,https://menartshop.hr/proizvod/a-new-world-record-180g-legacy-vinyl/,https://menartshop.hr/app/uploads/2025/11/e7c76787-edf8-49f9-b35d-f2a65b7e7f1a.png,Novo,Novo,LP
Eldorado A Symphony – Vinyl,24.10,https://menartshop.hr/proizvod/eldorado-a-symphony-vinyl/,https://menartshop.hr/app/uploads/2025/11/09e4e0f8-ab8a-4ed3-ae09-6f3f84b679d2.png,Novo,Novo,LP
Enter The Wu-Tang  (180g legacy vinyl),23.62,https://menartshop.hr/proizvod/enter-the-wu-tang-180g-legacy-vinyl/,https://menartshop.hr/app/uploads/2025/11/7d7cb708-c317-4783-978e-6b60fd0de77f.png,Novo,Novo,LP
Blonde On Blonde  (180g legacy vinyl),30.78,https://menartshop.hr/proizvod/blonde-on-blonde-180g-legacy-vinyl/,https://menartshop.hr/app/uploads/2025/11/aed55b89-d986-4222-89de-85922fc1f217.png,Novo,Novo,LP
Highway 61 Revisited  (180g legacy vinyl),22.83,https://menartshop.hr/proizvod/highway-61-revisited-180g-legacy-vinyl/,https://menartshop.hr/app/uploads/2025/11/bd4035dc-e9df-4e7d-bbbc-74bb46ea24d0.png,Novo,Novo,LP
